person_id,age,wages,collgrad,male
1,40,21000,0,0
2,43,60000,1,1
3,37,0,1,0
4,40,70000,1,1
5,50,48002,0,1
6,51,0,0,1
7,60,0,0,1
8,56,0,0,0
9,25,22000,0,0
10,25,24000,0,1
11,52,0,0,0
12,43,0,0,1
13,35,0,0,1
14,28,75000,1,1
15,61,10000,0,0
16,25,70000,1,1
17,33,35000,0,1
18,31,50000,1,0
19,61,135000,1,0
20,64,36000,1,1
21,54,25000,0,0
22,56,74000,1,1
23,27,63500,1,1
24,44,2400,0,1
25,50,28000,0,0
26,54,75000,0,1
27,22,4500,0,0
28,20,7500,0,0
29,46,81000,1,1
30,40,85000,1,0
31,63,0,0,0
32,39,0,0,0
33,43,35000,0,1
34,40,25000,1,1
35,28,33000,0,0
36,29,33000,0,1
37,55,38000,0,0
38,56,0,0,1
39,27,20000,1,0
40,59,40000,0,0
41,50,25000,0,1
42,56,25000,0,0
43,26,5200,0,1
44,55,0,0,0
45,57,10000,0,1
46,57,36000,0,0
47,65,0,1,0
48,33,70000,1,0
49,42,40000,0,1
50,30,0,1,0
51,30,45000,0,1
52,28,30000,0,1
53,32,0,1,0
54,65,104000,0,1
55,61,26000,0,0
56,49,23486,0,0
57,56,60000,0,1
58,22,35000,0,1
59,33,55000,0,1
60,48,0,0,1
61,55,18000,0,0
62,21,0,0,1
63,47,12000,0,1
64,60,35000,0,0
65,19,0,0,0
66,29,0,1,0
67,33,15300,0,1
68,53,24000,0,0
69,20,1400,0,0
70,23,0,0,0
71,59,0,0,1
72,59,0,0,1
73,52,53000,0,0
74,60,0,0,1
75,54,107000,0,0
76,18,580,0,0
77,62,144500,1,0
78,39,0,0,0
79,55,15732,0,0
80,47,0,0,1
81,21,0,0,1
82,19,0,0,0
83,53,900000,0,0
84,51,45000,0,1
85,49,0,0,0
86,28,30000,1,0
87,59,27500,0,0
88,53,24960,1,0
89,51,12000,1,1
90,64,0,1,0
91,40,60000,0,1
92,51,0,0,1
93,51,0,0,1
94,47,28000,0,1
95,51,1000,0,1
96,29,0,0,0
97,35,25000,0,1
98,62,0,0,1
99,51,20000,0,0
100,30,0,0,0
101,34,0,0,1
102,29,50000,0,1
103,23,0,0,0
104,56,0,1,0
105,59,45000,0,1
106,21,22000,0,1
107,28,40002,1,0
108,27,84000,0,1
109,62,0,0,1
110,62,0,0,0
111,25,25000,0,0
112,26,100000,0,1
113,59,35000,0,0
114,31,13000,0,0
115,36,0,1,0
116,43,65000,0,0
117,49,150000,0,1
118,28,26002,0,1
119,28,0,0,0
120,26,0,1,0
121,26,150000,0,1
122,44,26000,0,1
123,40,0,0,0
124,40,50000,1,0
125,62,0,0,1
126,61,0,1,1
127,54,30000,1,0
128,42,85000,1,1
129,41,12000,1,0
130,25,0,0,0
131,45,0,0,1
132,49,20000,0,0
133,37,35000,0,0
134,33,56000,0,1
135,29,25000,0,0
136,62,120000,0,1
137,61,0,0,0
138,65,0,0,0
139,43,90000,1,0
140,37,168000,1,1
141,32,102000,0,1
142,32,0,0,0
143,27,7000,0,0
144,26,25000,0,1
145,27,25000,0,1
146,35,0,0,0
147,47,45000,0,1
148,47,55000,0,0
149,20,0,0,0
150,57,14560,0,1
151,56,26000,1,0
152,32,0,0,0
153,58,47000,0,1
154,54,75000,0,0
155,54,75000,0,1
156,42,0,0,0
157,24,800,0,0
158,29,100000,0,1
159,46,117000,0,0
160,43,0,0,0
161,53,157000,0,1
162,46,16700,0,0
163,23,12000,0,0
164,40,150000,0,1
165,38,35000,0,0
166,40,0,0,1
167,39,17000,0,0
168,23,0,0,1
169,57,82000,0,1
170,50,78000,0,0
171,52,0,0,1
172,27,65000,1,0
173,28,0,0,0
174,45,13000,0,0
175,49,60000,0,0
176,42,65000,1,1
177,48,4000,0,0
178,19,4000,0,0
179,57,45000,1,0
180,56,56000,0,1
181,57,0,0,0
182,58,0,0,1
183,25,4000,1,1
184,64,13000,1,1
185,51,30000,0,0
186,46,10800,1,0
187,61,77000,0,1
188,45,50000,0,1
189,32,50000,1,0
190,32,100000,1,1
191,31,140000,1,1
192,38,45002,0,1
193,37,0,0,0
194,61,0,1,0
195,33,8546,1,1
196,41,40000,0,0
197,20,0,0,0
198,31,35000,0,0
199,40,16000,0,1
200,65,44265,0,0
201,61,0,1,0
202,60,0,0,0
203,40,40000,1,0
204,51,0,1,1
205,60,0,0,1
206,49,0,0,0
207,51,60000,0,1
208,23,15000,1,1
209,19,2200,0,1
210,40,0,0,0
211,65,0,0,1
212,41,20000,0,1
213,41,58000,0,1
214,41,0,0,1
215,40,25000,0,1
216,30,88000,1,0
217,34,80000,1,1
218,30,78000,1,1
219,29,24000,1,0
220,43,0,0,0
221,43,37500,0,0
222,58,80000,0,0
223,59,0,0,1
224,38,10000,0,0
225,38,10000,0,1
226,28,0,0,0
227,30,18000,0,1
228,38,26000,0,1
229,38,0,0,0
230,41,60000,0,1
231,40,0,0,0
232,40,23000,0,0
233,56,5924,0,0
234,20,0,0,1
235,21,4000,1,1
236,20,6000,0,0
237,39,0,1,0
238,40,85000,1,1
239,47,115000,1,1
240,46,0,0,0
241,52,40000,0,1
242,29,9600,1,0
243,29,35000,0,1
244,36,55000,0,1
245,37,0,0,0
246,49,40000,0,0
247,19,6000,0,1
248,32,52000,0,0
249,37,50000,0,1
250,64,26000,0,0
251,64,35000,0,1
252,18,12000,0,1
253,38,16000,1,0
254,28,85000,1,1
255,47,57000,0,0
256,41,56000,1,1
257,65,0,0,0
258,26,15000,0,0
259,27,1500,0,0
260,29,50000,0,1
261,22,0,0,0
262,21,26000,0,1
263,26,0,1,1
264,26,0,0,0
265,50,80000,1,0
266,36,25000,0,0
267,20,0,0,0
268,61,0,0,1
269,51,38000,0,0
270,20,0,0,0
271,18,3000,0,1
272,52,20000,0,1
273,39,30000,0,1
274,32,34000,1,0
275,29,75000,0,1
276,21,0,0,0
277,60,9000,0,0
278,47,30000,0,1
279,44,0,0,0
280,33,24000,1,1
281,33,36037,1,1
282,31,32000,1,1
283,56,29000,0,1
284,55,0,0,0
285,22,0,0,0
286,36,44500,1,1
287,38,29297,1,0
288,28,40000,0,0
289,30,9000,1,0
290,33,37400,1,1
291,26,13000,0,0
292,28,50000,0,1
293,40,18000,0,0
294,40,62000,0,1
295,62,55000,0,0
296,42,25000,0,1
297,41,525,0,0
298,49,0,0,1
299,35,96000,1,1
300,34,34000,1,0
301,62,21000,1,0
302,59,21000,1,0
303,62,26300,0,0
304,34,68000,1,1
305,44,60000,1,1
306,37,25000,0,0
307,24,6000,1,0
308,25,44000,1,0
309,55,83000,0,0
310,57,124000,1,1
311,39,44000,1,0
312,49,105002,1,1
313,40,50000,1,0
314,27,27500,1,0
315,25,42000,1,0
316,30,175000,1,1
317,29,42000,1,0
318,44,130000,1,1
319,58,32000,1,1
320,61,96000,1,0
321,53,0,1,1
322,35,0,0,0
323,44,53000,1,0
324,25,10000,0,0
325,39,10000,0,0
326,25,18000,0,1
327,37,17316,0,1
328,32,23000,0,0
329,38,73000,0,0
330,40,28000,0,1
331,39,20000,0,0
332,18,0,0,0
333,34,28000,0,1
334,34,17000,0,0
335,21,0,0,1
336,34,50000,1,1
337,33,70000,1,0
338,32,11346,1,1
339,60,7000,0,0
340,60,173720,1,0
341,61,0,1,0
342,51,0,1,0
343,35,38000,1,1
344,62,0,1,0
345,60,6800,1,1
346,62,0,1,1
347,62,0,1,0
348,62,40000,0,0
349,62,50002,1,1
350,63,23000,0,0
351,37,35000,0,0
352,19,0,0,0
353,34,49000,1,1
354,35,40000,1,0
355,48,0,0,1
356,42,70000,1,0
357,56,42744,1,0
358,64,0,0,0
359,48,0,0,0
360,49,63000,0,1
361,25,0,1,1
362,23,0,0,0
363,63,60000,0,0
364,28,5633,1,1
365,57,20000,1,0
366,55,0,1,0
367,55,125000,1,1
368,22,3200,0,1
369,54,0,0,1
370,50,36096,0,0
371,22,0,0,1
372,20,0,0,1
373,59,0,0,0
374,59,55000,1,1
375,24,0,0,0
376,56,50000,1,1
377,55,20000,1,0
378,22,0,0,1
379,22,0,0,1
380,35,18000,0,1
381,60,21000,0,0
382,62,0,0,1
383,43,70000,0,1
384,42,0,0,0
385,21,0,0,0
386,54,0,1,0
387,25,30400,1,1
388,22,4000,1,0
389,47,55000,1,1
390,45,3000,0,0
391,56,31000,0,0
392,64,31000,0,1
393,29,12000,1,0
394,25,15399,1,0
395,48,50000,1,1
396,44,20000,1,0
397,20,0,0,0
398,60,0,0,0
399,35,34000,0,1
400,56,300,0,0
401,64,25000,0,1
402,35,0,0,1
403,55,50000,0,0
404,29,20000,0,0
405,60,0,0,0
406,44,0,0,0
407,21,18000,0,0
408,24,15000,0,0
409,54,18000,0,0
410,23,15000,0,0
411,23,35000,0,1
412,21,0,0,1
413,21,0,0,1
414,20,0,0,1
415,25,42000,0,1
416,28,22127,1,1
417,26,20000,0,0
418,58,30000,0,1
419,28,0,0,1
420,38,48000,0,1
421,34,5000,0,0
422,27,0,0,1
423,18,0,0,0
424,32,6000,0,0
425,28,24000,0,1
426,38,28500,0,1
427,37,0,0,0
428,64,0,1,0
429,25,25000,1,1
430,26,36000,1,0
431,30,200000,1,0
432,45,275,0,0
433,28,75000,1,0
434,30,80000,1,1
435,45,14000,0,0
436,44,7000,1,0
437,64,48000,0,0
438,54,0,1,1
439,52,65000,1,0
440,54,60000,1,1
441,27,80000,1,1
442,30,45000,1,0
443,27,80000,1,1
444,50,40000,1,0
445,49,39900,1,0
446,27,10290,1,1
447,26,48547,1,0
448,30,58000,1,0
449,34,60000,1,1
450,21,0,0,0
451,21,0,0,0
452,29,18000,1,1
453,36,47000,1,0
454,40,80000,0,1
455,29,75000,1,0
456,32,70000,1,1
457,33,0,1,0
458,55,63000,0,1
459,55,30000,1,0
460,21,0,0,1
461,61,40000,1,1
462,50,50000,1,0
463,27,0,1,0
464,32,0,0,1
465,59,60000,0,1
466,45,65000,1,1
467,45,4000,1,0
468,45,0,1,1
469,45,0,1,0
470,47,250000,1,0
471,45,100000,1,1
472,50,107000,1,1
473,47,38800,1,0
474,22,36000,1,1
475,18,6240,0,1
476,50,0,1,1
477,47,0,1,0
478,50,20000,0,0
479,47,14000,0,1
480,30,30000,1,1
481,27,25000,0,0
482,38,25000,0,0
483,60,0,0,1
484,62,0,0,0
485,41,75000,0,1
486,42,0,0,0
487,18,10000,0,0
488,53,56000,1,1
489,49,47000,1,0
490,48,8000,0,0
491,42,55000,1,1
492,49,1000000,1,1
493,31,80000,1,1
494,28,75000,1,0
495,61,52000,0,0
496,54,72000,1,0
497,53,160000,1,1
498,53,5500,0,0
499,53,125768,1,1
500,53,26000,0,0
501,61,15000,1,0
502,62,70000,1,0
503,24,0,0,0
504,27,22000,0,1
505,24,0,0,0
506,38,15000,0,0
507,44,20000,0,1
508,26,15000,0,1
509,19,8500,0,0
510,26,15000,0,0
511,51,0,1,0
512,33,35000,1,1
513,38,40000,1,0
514,65,100000,1,1
515,64,0,0,0
516,24,16000,0,0
517,29,7991,0,1
518,44,11000,1,0
519,46,30000,0,1
520,37,84000,1,1
521,37,0,1,0
522,27,17258,1,0
523,59,30000,1,0
524,34,3000,0,0
525,59,50000,1,0
526,58,0,0,0
527,35,45000,1,0
528,18,0,0,0
529,44,70000,0,1
530,44,45000,0,0
531,23,25000,0,0
532,54,50000,1,0
533,54,147200,1,1
534,24,0,1,1
535,19,0,0,1
536,52,80000,0,1
537,35,33000,0,0
538,35,67000,0,1
539,59,6000,0,0
540,60,77000,0,1
541,57,32000,0,0
542,37,36000,0,0
543,59,13000,1,0
544,49,0,0,1
545,52,0,0,0
546,61,25000,0,1
547,40,40000,0,0
548,21,0,0,1
549,44,65000,0,1
550,52,0,0,1
551,49,0,0,1
552,60,10000,0,0
553,55,15000,0,1
554,22,300,0,0
555,26,7200,0,0
556,25,18000,0,1
557,26,20000,1,1
558,23,63000,1,1
559,27,55000,1,1
560,39,135000,1,0
561,59,105000,1,0
562,61,230000,1,1
563,39,18000,0,0
564,30,65000,1,1
565,30,61000,1,0
566,61,30000,0,0
567,28,7200,1,1
568,28,8460,1,0
569,45,33000,1,0
570,50,14000,0,1
571,56,22880,0,0
572,58,0,0,1
573,61,50000,1,0
574,60,0,0,1
575,39,12000,0,1
576,39,20000,0,1
577,60,10600,0,0
578,19,12500,0,0
579,46,78000,1,0
580,44,38961,0,1
581,18,0,0,0
582,63,0,0,0
583,28,4160,0,1
584,18,0,0,1
585,36,20000,0,0
586,37,50000,0,1
587,27,35000,1,0
588,30,69000,1,1
589,28,45000,1,0
590,58,60000,0,1
591,57,0,0,0
592,52,0,0,1
593,29,56000,0,0
594,28,35000,0,1
595,62,0,0,1
596,64,0,0,0
597,35,0,0,0
598,36,40000,0,1
599,64,0,0,1
600,55,0,0,1
601,26,40000,1,1
602,49,150000,1,1
603,46,690000,1,0
604,19,1600,0,0
605,36,81000,1,1
606,35,35000,1,0
607,47,0,1,0
608,20,0,0,0
609,18,0,0,1
610,61,0,0,0
611,51,60000,1,1
612,51,60000,1,0
613,18,0,0,1
614,47,6000,1,0
615,18,0,0,0
616,61,0,0,1
617,35,0,0,1
618,28,0,0,0
619,32,0,1,1
620,55,210000,1,1
621,55,35000,1,0
622,43,30000,1,0
623,23,0,1,0
624,21,0,0,0
625,52,0,1,0
626,52,0,1,0
627,18,0,0,1
628,19,0,0,0
629,54,55000,1,0
630,56,45000,0,1
631,64,0,0,1
632,19,0,0,0
633,54,20000,0,0
634,34,25000,0,1
635,30,0,0,0
636,26,9000,1,1
637,56,0,0,0
638,60,0,0,1
639,41,30000,1,1
640,62,0,0,0
641,36,5000,0,1
642,62,60000,0,1
643,30,22000,0,0
644,39,0,1,1
645,44,0,0,1
646,64,0,0,1
647,24,24000,1,1
648,26,32000,1,1
649,26,20000,1,1
650,47,0,0,1
651,45,0,0,0
652,44,18000,0,0
653,39,0,0,1
654,20,0,0,1
655,53,74000,1,0
656,53,0,0,1
657,21,0,0,1
658,56,0,1,0
659,60,70000,1,0
660,53,0,1,0
661,53,0,1,1
662,34,10000,1,1
663,26,55000,1,0
664,24,45000,1,0
665,36,5000,1,0
666,42,120000,1,0
667,46,120000,1,1
668,60,150000,1,1
669,28,50000,1,0
670,39,180000,1,0
671,42,240000,1,1
672,40,700000,1,0
673,41,75000,1,1
674,63,36000,1,0
675,35,30000,0,0
676,30,59000,1,1
677,26,52000,1,0
678,38,110000,1,1
679,32,0,1,1
680,21,40000,0,1
681,64,0,0,1
682,59,45000,0,1
683,43,0,1,0
684,20,3500,0,0
685,58,0,0,1
686,31,12000,0,1
687,29,24000,0,0
688,65,0,0,0
689,64,0,0,1
690,38,40,0,1
691,44,0,1,0
692,46,300000,1,1
693,48,135000,1,1
694,46,105000,1,0
695,31,150000,1,1
696,34,0,1,0
697,38,0,1,0
698,38,165000,1,1
699,30,14500,1,1
700,30,33500,1,0
701,31,0,1,0
702,55,59000,1,0
703,62,0,0,1
704,53,0,0,0
705,53,30000,0,1
706,30,2816,0,1
707,29,38000,0,0
708,43,50000,0,1
709,53,112000,1,1
710,52,0,0,0
711,22,0,0,1
712,18,400,0,1
713,63,33800,0,0
714,62,142000,1,0
715,18,0,0,1
716,18,22000,0,0
717,18,3000,0,1
718,48,70000,0,0
719,65,6000,0,0
720,27,20000,0,1
721,23,30000,0,0
722,65,0,0,0
723,27,10000,1,1
724,40,43000,0,0
725,44,100000,1,0
726,21,8320,0,0
727,64,0,1,0
728,65,60000,0,1
729,33,63000,1,1
730,33,23000,1,0
731,44,50000,0,1
732,58,5000,0,0
733,19,0,0,0
734,63,11500,0,1
735,48,25200,0,1
736,54,27000,1,0
737,63,30000,1,1
738,62,5000,1,0
739,48,0,0,1
740,45,100000,1,1
741,38,120000,1,0
742,60,56000,1,0
743,42,0,1,0
744,44,0,1,0
745,46,70000,1,1
746,61,0,0,1
747,32,37000,1,0
748,32,55000,0,1
749,55,32000,0,0
750,23,14640,1,1
751,27,0,1,1
752,59,145000,1,0
753,60,0,1,1
754,29,40000,0,1
755,29,0,0,0
756,28,18900,0,1
757,37,62000,0,1
758,53,26000,0,1
759,52,0,0,0
760,32,0,0,1
761,43,0,0,0
762,30,0,0,1
763,42,20800,0,0
764,52,0,0,0
765,30,44000,0,0
766,30,15000,0,0
767,49,15000,0,1
768,40,15000,0,0
769,20,0,0,1
770,26,13000,0,1
771,31,26000,0,0
772,35,33000,0,1
773,28,0,0,0
774,42,30000,0,1
775,46,25000,0,1
776,63,100000,1,0
777,32,0,0,1
778,30,23000,1,1
779,27,36200,1,0
780,44,0,0,0
781,38,17160,0,1
782,33,12000,0,0
783,46,15000,0,1
784,42,0,0,0
785,34,18000,0,1
786,36,0,0,0
787,58,4800,0,1
788,18,0,0,1
789,47,0,1,0
790,31,62400,1,0
791,37,60000,1,1
792,56,52000,0,1
793,54,0,0,0
794,62,34000,0,0
795,36,34000,0,1
796,28,34000,0,1
797,31,27000,0,1
798,48,0,1,1
799,51,54002,0,0
800,29,23000,0,1
801,25,30000,1,0
802,27,15000,0,0
803,39,30002,1,1
804,59,20800,0,0
805,58,55002,0,0
806,60,35000,0,1
807,45,90000,1,0
808,43,140000,1,1
809,37,70000,1,1
810,34,55000,1,0
811,29,56000,1,0
812,33,200000,1,1
813,34,7200,0,1
814,28,20000,0,0
815,44,13000,0,1
816,64,0,0,0
817,22,29000,0,0
818,23,0,0,1
819,41,20000,0,0
820,49,40000,0,1
821,46,400,0,0
822,50,34000,0,1
823,19,0,0,1
824,38,750,1,0
825,39,110000,0,1
826,55,200000,1,1
827,50,90000,1,0
828,49,0,1,1
829,41,27000,1,1
830,37,19000,0,1
831,35,40000,0,0
832,37,47000,0,1
833,47,60000,0,0
834,37,20000,0,1
835,35,0,0,0
836,51,70000,1,0
837,50,104000,1,1
838,24,30000,0,1
839,29,20000,1,1
840,45,35000,0,0
841,26,70200,1,1
842,25,26000,0,0
843,55,85000,1,0
844,22,0,0,1
845,22,0,0,0
846,55,11000,1,0
847,50,42000,1,1
848,23,0,0,1
849,22,4400,0,1
850,22,26000,0,1
851,55,0,1,0
852,22,40000,0,0
853,26,27664,0,0
854,30,19000,0,1
855,35,60000,0,0
856,36,57000,0,1
857,62,36500,1,0
858,62,36000,1,1
859,52,80000,1,0
860,65,0,1,1
861,25,0,0,1
862,34,25800,1,0
863,40,76000,1,1
864,45,28000,0,0
865,18,5000,0,1
866,63,0,0,1
867,65,7800,0,1
868,49,76000,1,0
869,51,0,0,1
870,54,0,0,1
871,56,0,0,0
872,41,75000,1,0
873,41,80000,1,1
874,37,115000,1,0
875,48,20000,0,1
876,46,60000,1,0
877,55,100000,1,0
878,59,50000,1,1
879,54,17000,1,0
880,53,42000,0,1
881,46,95000,1,1
882,42,48090,0,1
883,43,70000,0,0
884,43,60000,0,0
885,44,35000,0,1
886,34,0,0,1
887,54,30000,1,1
888,20,0,0,1
889,34,34000,0,0
890,18,0,0,1
891,18,0,0,1
892,39,0,0,0
893,22,0,0,1
894,41,80000,0,1
895,55,25000,0,0
896,25,0,0,0
897,29,26000,1,1
898,48,30000,1,0
899,27,26000,1,0
900,20,10000,0,0
901,26,0,0,1
902,25,0,0,0
903,52,40000,0,0
904,53,0,0,1
905,60,20000,0,1
906,39,0,0,0
907,28,20800,0,1
908,27,0,0,0
909,57,0,0,0
910,23,20000,1,0
911,26,5000,1,0
912,30,0,0,0
913,33,45000,0,1
914,34,0,0,0
915,23,4000,0,0
916,39,13520,1,0
917,58,40000,0,1
918,58,0,0,0
919,61,0,1,1
920,32,47000,0,1
921,31,41000,1,0
922,64,13000,0,1
923,46,38000,0,1
924,43,19000,0,0
925,24,46000,1,0
926,26,36000,1,0
927,29,30900,1,1
928,26,90000,1,1
929,25,44800,1,1
930,25,0,1,1
931,57,0,1,1
932,61,0,1,1
933,34,220000,1,1
934,32,80000,1,0
935,47,150000,1,1
936,54,85000,1,0
937,35,80000,1,1
938,35,100000,1,0
939,51,100000,1,1
940,41,57000,0,0
941,28,61000,1,0
942,26,26000,1,1
943,27,0,1,1
944,26,0,1,1
945,26,0,1,1
946,23,2400,1,0
947,30,0,1,0
948,21,0,0,0
949,21,0,0,0
950,21,0,0,0
951,33,55000,1,1
952,32,120000,1,0
953,28,150000,1,1
954,27,120000,1,0
955,53,12000,0,0
956,54,55000,0,1
957,25,30000,1,1
958,29,30000,1,0
959,26,116000,1,0
960,27,25000,1,1
961,60,500,0,1
962,34,0,0,0
963,39,32000,0,1
964,37,370000,0,1
965,29,40000,0,0
966,49,29000,0,1
967,33,0,0,0
968,62,43000,1,0
969,45,66000,1,0
970,49,0,0,1
971,45,55000,0,1
972,53,55000,0,0
973,60,100000,1,0
974,36,0,1,0
975,41,24000,1,1
976,50,0,0,1
977,40,28080,0,1
978,44,0,0,1
979,43,30000,0,0
980,32,65000,1,1
981,32,0,0,0
982,32,30000,1,0
983,40,2500,0,1
984,40,44000,0,0
985,32,41000,0,1
986,29,60000,0,0
987,48,40000,1,0
988,52,60000,1,1
989,65,58000,1,1
990,55,300000,1,1
991,55,12000,0,0
992,22,5000,0,0
993,22,0,0,1
994,18,2500,0,1
995,61,70000,1,0
996,61,73000,1,1
997,24,45000,1,1
998,61,60000,0,1
999,61,43000,1,0
1000,37,220000,1,1
1001,36,15000,1,0
1002,46,28000,0,0
1003,23,2000,0,1
1004,48,56000,1,1
1005,47,36000,1,0
1006,30,62000,1,1
1007,27,44000,1,0
1008,52,60000,0,1
1009,49,40000,0,0
1010,21,7000,0,1
1011,58,0,0,1
1012,58,145000,1,0
1013,63,71002,1,1
1014,59,25000,1,0
1015,52,15000,1,0
1016,52,100000,1,1
1017,62,0,0,0
1018,40,3000,0,1
1019,51,176000,0,1
1020,41,18000,0,0
1021,39,0,0,0
1022,36,0,0,0
1023,40,13000,0,1
1024,57,99,0,0
1025,53,14000,0,0
1026,36,0,0,0
1027,59,0,0,0
1028,20,0,0,1
1029,37,0,0,0
1030,63,0,0,1
1031,19,0,0,1
1032,52,48000,1,1
1033,55,11000,0,0
1034,30,15000,0,0
1035,52,15000,0,1
1036,63,65000,1,1
1037,30,82000,1,0
1038,57,0,0,0
1039,35,0,0,1
1040,49,21000,0,1
1041,48,61200,0,1
1042,49,0,0,0
1043,18,0,0,1
1044,44,9000,0,1
1045,33,0,0,0
1046,44,0,0,0
1047,33,0,0,1
1048,36,25000,0,1
1049,25,49000,1,0
1050,27,40000,1,1
1051,23,17000,1,1
1052,23,35000,1,1
1053,60,14000,0,0
1054,52,0,0,0
1055,55,45000,0,1
1056,19,20000,0,1
1057,64,0,0,0
1058,38,75000,0,1
1059,34,15000,0,0
1060,61,5200,0,0
1061,37,0,0,1
1062,47,0,0,1
1063,33,50000,1,1
1064,27,0,0,0
1065,60,480000,1,1
1066,64,0,1,0
1067,59,165000,1,1
1068,54,60000,1,0
1069,22,0,0,1
1070,18,300,0,0
1071,63,0,0,1
1072,48,0,0,0
1073,53,0,0,1
1074,62,14500,0,0
1075,40,35000,0,1
1076,42,0,1,0
1077,45,55000,1,1
1078,47,40000,1,0
1079,54,105000,1,1
1080,45,0,0,0
1081,47,0,0,1
1082,60,41000,1,1
1083,58,0,0,0
1084,56,60000,1,1
1085,58,65000,1,0
1086,32,68000,1,1
1087,48,23000,0,1
1088,22,55000,0,1
1089,26,20800,0,0
1090,45,30000,0,0
1091,23,25000,0,0
1092,27,0,0,0
1093,27,25000,0,0
1094,59,30000,0,1
1095,54,0,0,0
1096,31,0,1,1
1097,29,52500,1,0
1098,54,200000,1,1
1099,53,460000,1,0
1100,52,0,1,1
1101,41,30200,0,1
1102,65,0,0,1
1103,62,60000,0,0
1104,18,0,0,0
1105,47,2000,0,1
1106,48,86000,0,0
1107,24,29000,0,1
1108,60,15000,1,0
1109,61,90000,1,1
1110,40,35000,0,0
1111,21,0,0,1
1112,30,52502,1,0
1113,26,0,0,1
1114,27,25000,0,1
1115,24,18000,0,0
1116,56,60000,1,0
1117,59,80000,1,0
1118,53,0,1,0
1119,43,73000,1,0
1120,42,150000,1,1
1121,41,113000,1,1
1122,40,250000,1,0
1123,59,150000,1,1
1124,55,145000,1,0
1125,40,30000,0,1
1126,41,80000,1,1
1127,41,150000,1,0
1128,26,70000,0,1
1129,29,0,1,0
1130,27,65000,0,1
1131,43,20000,0,0
1132,31,18000,1,1
1133,64,0,0,1
1134,64,0,0,0
1135,65,40000,1,1
1136,57,8500,0,0
1137,55,13600,1,0
1138,59,70000,1,1
1139,39,0,0,1
1140,40,0,0,0
1141,27,0,1,0
1142,37,37000,0,1
1143,39,10000,0,1
1144,45,33000,0,0
1145,57,60000,0,1
1146,51,1000,0,0
1147,65,0,0,1
1148,43,40000,0,1
1149,62,0,1,1
1150,50,0,1,1
1151,65,0,0,1
1152,56,10900,1,0
1153,23,2300,0,0
1154,20,0,0,0
1155,55,0,1,0
1156,33,42000,1,0
1157,56,65000,0,0
1158,21,6000,0,1
1159,22,19000,0,1
1160,20,0,0,1
1161,41,2000,0,1
1162,41,300,0,0
1163,19,0,0,0
1164,27,17000,0,1
1165,29,0,0,1
1166,59,0,0,0
1167,31,0,0,1
1168,24,12500,0,0
1169,20,0,0,1
1170,18,0,0,0
1171,39,36000,1,0
1172,20,0,0,1
1173,65,0,0,0
1174,49,0,0,1
1175,43,0,1,1
1176,50,0,0,0
1177,24,10000,0,0
1178,31,48000,0,0
1179,40,36000,0,0
1180,22,8000,0,0
1181,19,0,0,0
1182,34,0,0,0
1183,39,0,0,1
1184,35,20000,0,0
1185,41,15000,0,0
1186,19,0,0,0
1187,40,72000,1,1
1188,42,0,1,0
1189,36,50000,1,0
1190,38,330000,1,1
1191,56,5000,0,1
1192,54,0,0,0
1193,21,18200,0,0
1194,28,14400,0,0
1195,32,23400,0,1
1196,30,65000,1,1
1197,30,75000,1,0
1198,25,12000,1,1
1199,32,49000,1,1
1200,31,102600,1,0
1201,27,24000,1,0
1202,24,30002,0,0
1203,31,60000,1,1
1204,42,100000,1,1
1205,40,27000,1,0
1206,52,0,0,1
1207,43,60000,1,0
1208,47,50000,1,1
1209,21,600,0,1
1210,19,0,0,1
1211,64,28000,0,0
1212,43,0,0,1
1213,47,200000,1,0
1214,55,0,0,1
1215,57,400,0,0
1216,25,0,0,1
1217,23,0,0,1
1218,32,17000,0,0
1219,35,17000,0,1
1220,59,0,1,1
1221,44,0,0,1
1222,47,55000,0,1
1223,27,44000,0,1
1224,31,0,0,0
1225,31,44000,0,1
1226,29,36000,0,0
1227,32,22000,0,0
1228,52,0,0,1
1229,32,11000,0,1
1230,30,25000,0,0
1231,42,0,0,1
1232,25,30000,0,1
1233,25,20000,0,0
1234,46,0,0,0
1235,46,20000,0,1
1236,21,25000,0,0
1237,64,0,0,0
1238,50,15000,1,1
1239,31,0,0,0
1240,37,0,0,0
1241,28,20000,0,1
1242,27,0,0,0
1243,41,0,0,0
1244,44,36000,0,1
1245,26,20800,0,0
1246,18,0,0,1
1247,55,45000,0,1
1248,56,23000,0,0
1249,64,0,0,1
1250,62,0,0,0
1251,34,4000,1,1
1252,32,37000,0,0
1253,31,30000,0,1
1254,57,0,0,0
1255,25,62000,1,0
1256,28,15000,0,0
1257,47,45000,0,0
1258,41,11000,0,1
1259,37,0,0,0
1260,46,40000,0,0
1261,31,40000,0,1
1262,34,35000,0,1
1263,31,18000,0,0
1264,44,0,0,1
1265,30,3000,1,0
1266,62,0,0,0
1267,22,0,1,0
1268,23,0,1,0
1269,42,0,0,0
1270,43,150000,1,1
1271,19,3602,0,0
1272,31,0,0,0
1273,29,38000,0,1
1274,43,27000,0,0
1275,51,28000,0,1
1276,20,10000,0,0
1277,32,18000,0,1
1278,31,26000,0,1
1279,32,6000,0,0
1280,30,8001,0,1
1281,27,0,0,0
1282,28,0,0,1
1283,57,24000,0,1
1284,53,8000,0,0
1285,31,30000,1,0
1286,32,10100,1,1
1287,47,0,0,0
1288,44,2,0,1
1289,18,0,0,0
1290,36,25000,0,1
1291,41,25000,0,0
1292,30,0,0,0
1293,48,100000,1,1
1294,51,150000,1,0
1295,32,26000,0,0
1296,47,60000,0,1
1297,25,20000,0,0
1298,21,20000,0,1
1299,19,0,0,1
1300,35,50000,1,0
1301,34,50000,0,1
1302,51,60000,0,1
1303,47,0,0,0
1304,46,15000,0,1
1305,44,12000,0,0
1306,23,35000,0,0
1307,18,4320,0,0
1308,40,26800,0,0
1309,28,36000,0,0
1310,30,14000,0,1
1311,51,0,0,0
1312,56,52000,0,1
1313,31,4000,0,0
1314,34,0,0,0
1315,40,19760,0,1
1316,21,14800,0,1
1317,23,12000,0,0
1318,27,14000,0,0
1319,24,20000,0,0
1320,27,0,0,0
1321,61,20000,0,1
1322,48,0,0,1
1323,37,82000,0,0
1324,34,85000,1,1
1325,26,0,0,1
1326,33,0,0,1
1327,53,16000,0,0
1328,33,35000,1,0
1329,52,50000,0,1
1330,44,20000,0,0
1331,35,157000,0,1
1332,30,0,0,0
1333,18,8000,0,0
1334,20,4800,0,0
1335,40,13000,0,0
1336,41,33000,0,1
1337,59,70000,0,0
1338,57,42,0,1
1339,24,26000,0,0
1340,64,0,0,1
1341,57,0,0,0
1342,40,60000,1,0
1343,45,19000,1,1
1344,25,30000,1,0
1345,25,42500,1,1
1346,23,28500,1,0
1347,57,0,0,1
1348,50,0,0,0
1349,47,100000,0,1
1350,24,35000,0,1
1351,54,0,0,1
1352,38,60000,1,1
1353,38,38000,0,0
1354,37,44000,1,0
1355,38,0,0,1
1356,58,0,0,1
1357,58,50543,0,0
1358,36,42000,0,0
1359,37,70000,0,1
1360,38,0,0,0
1361,60,0,0,0
1362,30,13000,0,1
1363,36,0,0,0
1364,63,0,0,0
1365,45,35000,0,0
1366,24,0,0,1
1367,19,0,0,1
1368,18,0,0,0
1369,58,0,0,0
1370,42,15000,0,0
1371,42,8500,0,0
1372,36,18200,0,0
1373,18,0,0,1
1374,47,60000,0,1
1375,25,0,0,0
1376,42,0,0,0
1377,33,16000,0,1
1378,33,0,0,0
1379,58,0,0,0
1380,46,55000,0,1
1381,49,0,0,0
1382,18,0,0,1
1383,63,70000,0,1
1384,63,0,0,0
1385,30,0,0,0
1386,30,0,0,1
1387,63,0,0,0
1388,30,0,0,0
1389,49,0,0,1
1390,52,1200,0,0
1391,47,7200,0,1
1392,40,35000,0,1
1393,31,82000,0,1
1394,33,0,1,0
1395,60,60000,0,1
1396,64,0,0,0
1397,39,35000,0,0
1398,18,0,0,0
1399,39,0,0,0
1400,41,35000,1,1
1401,23,0,0,1
1402,21,7000,0,1
1403,41,22000,1,1
1404,37,0,1,0
1405,31,20000,1,1
1406,22,0,0,0
1407,36,0,0,1
1408,33,17680,0,1
1409,36,0,0,0
1410,25,0,0,0
1411,33,24000,0,1
1412,44,26000,0,1
1413,45,2500,0,0
1414,24,0,0,0
1415,23,50000,1,0
1416,33,40000,0,1
1417,44,150000,1,1
1418,40,0,1,0
1419,49,45000,0,1
1420,39,10000,0,1
1421,46,40000,0,0
1422,18,0,0,0
1423,19,0,0,1
1424,45,20000,0,0
1425,55,23000,0,1
1426,32,0,0,0
1427,35,55000,0,1
1428,49,0,0,0
1429,49,0,0,1
1430,27,0,0,1
1431,24,3240,0,0
1432,18,0,0,1
1433,40,24000,0,0
1434,48,0,0,1
1435,44,19000,0,0
1436,22,20000,0,1
1437,23,13000,0,0
1438,24,20000,0,1
1439,62,150000,1,1
1440,46,0,0,0
1441,30,0,0,1
1442,30,0,0,0
1443,42,50000,0,1
1444,38,35000,0,0
1445,21,0,0,1
1446,39,35000,0,1
1447,37,10000,0,0
1448,45,0,0,1
1449,48,0,0,0
1450,50,85000,0,1
1451,21,0,0,1
1452,35,45000,0,1
1453,56,15527,0,0
1454,35,24000,0,0
1455,45,25000,0,1
1456,41,113000,1,1
1457,41,70000,1,1
1458,44,40000,0,0
1459,49,65000,0,1
1460,60,22000,0,1
1461,60,20000,0,0
1462,45,26000,0,0
1463,47,56000,0,1
1464,18,12000,0,1
1465,32,21000,0,1
1466,28,2200,0,0
1467,43,91000,1,1
1468,35,250000,1,0
1469,35,69000,1,1
1470,34,0,1,0
1471,35,115000,1,1
1472,56,0,0,1
1473,38,27000,0,0
1474,39,33000,1,0
1475,53,100000,1,0
1476,23,15000,1,0
1477,21,5000,0,1
1478,25,5000,0,0
1479,48,104000,0,1
1480,49,45500,0,0
1481,22,18000,0,0
1482,19,4700,0,1
1483,46,0,0,0
1484,53,65000,0,1
1485,26,15000,0,0
1486,50,72000,1,0
1487,23,15100,0,1
1488,22,11500,0,1
1489,18,0,0,1
1490,47,0,1,0
1491,45,0,1,0
1492,46,100000,1,1
1493,37,0,0,0
1494,44,22000,0,1
1495,53,107000,1,1
1496,18,0,0,1
1497,51,60000,1,1
1498,51,69000,1,0
1499,20,10000,0,0
1500,18,500,0,1
1501,39,20000,0,0
1502,44,10000,0,1
1503,46,36400,0,1
1504,43,15600,0,0
1505,23,20000,0,1
1506,25,15000,0,0
1507,62,0,0,0
1508,50,1000,0,1
1509,43,0,0,1
1510,45,0,0,0
1511,55,39000,0,1
1512,53,53000,0,0
1513,21,0,0,0
1514,38,15002,0,0
1515,19,0,0,0
1516,34,0,0,0
1517,35,3600,0,1
1518,50,0,0,0
1519,58,15000,0,0
1520,55,0,0,1
1521,48,0,0,0
1522,47,0,1,0
1523,56,250000,1,1
1524,54,65000,0,1
1525,44,0,1,0
1526,20,0,0,1
1527,40,4000,0,0
1528,39,150000,1,1
1529,41,50000,1,1
1530,40,0,1,0
1531,50,80000,0,1
1532,49,75000,1,0
1533,20,0,0,1
1534,34,37000,0,1
1535,40,52000,0,0
1536,58,5000,0,1
1537,56,90000,1,1
1538,53,83000,1,0
1539,55,0,0,0
1540,38,62000,1,1
1541,28,7900,0,1
1542,53,0,0,0
1543,21,400,0,0
1544,61,18000,0,0
1545,21,75000,1,1
1546,53,54000,1,0
1547,39,95000,1,1
1548,40,30000,1,0
1549,51,176000,0,1
1550,51,65000,0,0
1551,50,32000,0,0
1552,49,150000,1,1
1553,46,28000,0,1
1554,41,30000,1,0
1555,41,35000,1,0
1556,44,90000,0,1
1557,57,95000,0,0
1558,25,32000,1,0
1559,52,52000,0,1
1560,52,20000,0,0
1561,22,12000,1,0
1562,41,0,1,0
1563,52,100000,1,1
1564,38,75000,1,0
1565,37,90000,1,1
1566,62,0,0,0
1567,64,200000,1,1
1568,30,24000,1,1
1569,26,1540,0,0
1570,37,0,0,0
1571,34,12000,0,1
1572,31,0,0,0
1573,31,0,0,0
1574,24,0,0,0
1575,27,0,0,0
1576,20,0,0,0
1577,50,32000,0,0
1578,56,0,0,0
1579,31,0,0,1
1580,46,15000,0,1
1581,47,0,0,1
1582,55,23000,0,0
1583,36,0,0,0
1584,41,32000,1,1
1585,43,100000,1,0
1586,64,1099999,1,1
1587,57,12000,1,0
1588,64,100000,0,1
1589,56,0,0,0
1590,51,85000,1,1
1591,52,28000,1,0
1592,41,0,1,0
1593,38,180000,1,1
1594,52,85000,0,1
1595,50,65000,0,0
1596,22,9000,0,0
1597,20,9000,0,1
1598,50,24002,0,1
1599,54,36002,0,0
1600,22,7800,0,0
1601,56,0,0,0
1602,20,500,0,0
1603,55,0,0,0
1604,31,18000,0,0
1605,48,0,0,0
1606,50,50000,0,1
1607,18,0,0,1
1608,33,95000,1,0
1609,33,200000,1,1
1610,64,0,0,1
1611,61,100000,0,0
1612,45,280000,1,1
1613,45,47000,1,0
1614,36,45000,1,0
1615,34,120000,1,1
1616,61,5200,0,0
1617,65,62000,1,1
1618,30,62400,1,0
1619,62,44000,1,1
1620,22,16640,0,1
1621,61,39000,0,1
1622,44,34000,0,0
1623,25,0,0,1
1624,21,22000,0,0
1625,57,0,0,0
1626,62,7212,0,1
1627,54,12000,0,0
1628,52,60000,0,0
1629,25,16000,1,1
1630,49,0,0,0
1631,28,0,0,1
1632,26,0,0,1
1633,31,18000,0,0
1634,24,1891,0,0
1635,25,10000,0,0
1636,58,19200,0,1
1637,49,17800,1,0
1638,20,5000,0,0
1639,34,100000,1,1
1640,55,0,1,1
1641,44,0,0,0
1642,21,0,0,1
1643,51,3920,0,0
1644,51,16800,0,1
1645,30,0,0,1
1646,37,100000,0,1
1647,32,5500,0,0
1648,45,10000,1,0
1649,45,0,0,1
1650,40,8000,1,1
1651,41,72000,1,1
1652,32,0,0,0
1653,32,60000,0,1
1654,23,18000,0,1
1655,49,20000,1,0
1656,37,70000,1,1
1657,35,40000,1,0
1658,37,40000,0,0
1659,55,35000,0,1
1660,57,28000,0,0
1661,20,1800,0,1
1662,50,0,1,1
1663,51,60000,1,1
1664,50,60000,1,0
1665,48,22000,1,1
1666,44,0,1,0
1667,20,9000,0,1
1668,19,0,0,1
1669,18,0,0,1
1670,30,0,0,0
1671,31,38000,1,1
1672,38,22000,1,1
1673,30,22000,0,0
1674,47,0,0,1
1675,30,0,0,0
1676,54,32000,0,0
1677,34,25000,0,0
1678,61,48000,1,0
1679,44,63000,1,0
1680,32,44800,1,0
1681,31,43000,1,1
1682,36,40000,1,0
1683,31,15000,1,1
1684,30,48000,1,0
1685,33,92000,1,0
1686,38,101000,1,1
1687,35,0,1,0
1688,37,60000,1,1
1689,61,75000,1,0
1690,35,0,0,0
1691,40,0,1,0
1692,40,400000,1,1
1693,62,60000,0,0
1694,37,0,0,0
1695,35,35002,0,1
1696,38,0,0,0
1697,36,52000,0,1
1698,21,0,0,1
1699,53,65000,0,0
1700,23,13000,0,0
1701,22,12000,0,1
1702,22,35000,0,0
1703,21,4000,0,0
1704,34,20000,0,1
1705,49,110000,0,1
1706,46,0,0,0
1707,47,0,1,0
1708,47,70000,1,1
1709,37,130002,1,1
1710,40,130002,1,0
1711,49,164000,1,0
1712,61,6002,1,0
1713,42,200000,1,1
1714,38,0,0,0
1715,57,72000,0,1
1716,56,6400,1,0
1717,22,14000,0,0
1718,20,0,0,0
1719,18,0,0,0
1720,62,50000,1,1
1721,53,10400,1,0
1722,25,26000,1,1
1723,21,0,0,0
1724,35,0,0,0
1725,31,75000,0,1
1726,48,12000,1,1
1727,53,10000,1,1
1728,54,0,0,1
1729,45,30000,0,0
1730,44,2002,0,1
1731,57,0,1,0
1732,57,0,0,1
1733,35,42000,0,0
1734,54,59000,0,1
1735,54,0,0,1
1736,18,0,0,1
1737,18,0,0,0
1738,33,0,0,1
1739,48,23400,0,0
1740,34,8000,0,1
1741,30,17000,0,0
1742,41,150000,1,1
1743,29,500,1,0
1744,45,36400,0,0
1745,58,39000,0,1
1746,31,75000,1,1
1747,28,20000,0,1
1748,30,37500,0,1
1749,28,70000,1,1
1750,45,81000,1,0
1751,48,10000,0,1
1752,58,0,0,1
1753,32,0,0,1
1754,28,0,1,1
1755,27,0,0,0
1756,54,16000,1,1
1757,50,140000,1,0
1758,25,20000,1,1
1759,33,85000,1,0
1760,33,20000,0,1
1761,54,0,0,1
1762,33,32000,1,1
1763,61,10200,1,0
1764,32,7000,0,0
1765,53,30000,0,0
1766,53,0,1,0
1767,53,0,0,0
1768,33,27500,0,0
1769,18,500,0,1
1770,31,10000,0,0
1771,31,25000,0,1
1772,57,28000,0,1
1773,60,0,0,0
1774,42,60000,0,1
1775,30,0,0,0
1776,58,0,0,1
1777,31,52000,0,1
1778,31,16000,0,0
1779,53,50000,1,1
1780,51,0,1,0
1781,46,70000,1,1
1782,47,20000,1,0
1783,45,0,0,1
1784,54,0,0,0
1785,18,0,0,1
1786,44,22000,0,1
1787,42,0,0,0
1788,63,24000,0,0
1789,48,40000,1,0
1790,50,60000,1,1
1791,34,38500,1,1
1792,31,27000,1,0
1793,25,56000,0,0
1794,50,45000,0,1
1795,50,70000,0,0
1796,31,20000,0,0
1797,22,900,0,0
1798,27,15000,0,0
1799,23,0,0,0
1800,48,0,0,0
1801,33,30000,0,0
1802,36,45000,0,0
1803,35,22002,0,0
1804,61,0,0,0
1805,62,0,0,1
1806,33,50000,1,1
1807,30,38000,1,1
1808,33,0,1,1
1809,28,42000,1,1
1810,34,27000,1,0
1811,52,50000,0,1
1812,49,0,0,0
1813,19,0,0,0
1814,20,3200,0,1
1815,44,0,0,0
1816,43,25000,0,1
1817,26,0,1,0
1818,53,5000,0,1
1819,51,0,0,0
1820,27,9000,0,1
1821,31,7000,0,0
1822,38,15000,0,1
1823,40,24000,0,1
1824,35,0,0,0
1825,47,58000,0,0
1826,36,20000,0,0
1827,45,20000,0,1
1828,32,0,0,0
1829,33,16000,0,1
1830,34,0,0,0
1831,31,0,0,1
1832,30,0,0,0
1833,31,0,0,0
1834,32,28000,0,1
1835,37,150000,1,0
1836,38,0,1,1
1837,31,68000,1,1
1838,31,70000,1,0
1839,41,0,0,0
1840,44,85000,0,1
1841,19,0,0,1
1842,52,28000,1,0
1843,53,0,0,1
1844,19,0,0,0
1845,30,10000,1,0
1846,59,0,1,0
1847,29,30000,1,0
1848,58,0,0,1
1849,32,40000,0,0
1850,24,35000,0,0
1851,42,35000,0,0
1852,62,0,0,0
1853,55,35000,0,1
1854,25,0,0,1
1855,41,27002,0,1
1856,43,35002,0,0
1857,52,0,0,1
1858,32,350000,1,1
1859,32,0,1,0
1860,28,0,1,1
1861,55,34000,0,0
1862,44,88000,1,1
1863,39,85000,1,0
1864,28,0,0,0
1865,57,36500,0,1
1866,65,0,0,0
1867,56,100000,1,1
1868,53,250000,1,0
1869,24,0,1,0
1870,54,150000,1,1
1871,58,0,1,0
1872,23,4345,1,0
1873,20,600,0,0
1874,18,0,0,0
1875,40,48000,1,0
1876,37,85000,1,1
1877,55,300,0,0
1878,31,31000,0,0
1879,23,18000,0,1
1880,44,32000,1,0
1881,42,54000,1,1
1882,19,0,0,1
1883,59,20000,0,0
1884,58,42500,0,1
1885,62,0,0,1
1886,27,1920,0,0
1887,31,24000,0,1
1888,31,0,0,0
1889,49,20000,0,1
1890,37,10000,0,0
1891,47,48000,0,1
1892,44,24000,0,0
1893,21,0,0,1
1894,28,18000,0,1
1895,32,18000,0,1
1896,20,15000,0,1
1897,65,25000,0,0
1898,47,0,0,1
1899,45,18000,0,0
1900,25,3500,0,1
1901,22,12500,0,0
1902,60,0,0,1
1903,53,0,0,0
1904,39,17200,0,1
1905,44,17000,0,0
1906,46,17000,0,1
1907,25,16000,0,1
1908,27,30000,0,0
1909,23,0,1,0
1910,22,30000,1,0
1911,63,50000,1,0
1912,28,50000,0,0
1913,41,120000,1,0
1914,48,45000,1,1
1915,36,19002,0,0
1916,38,33002,0,1
1917,44,75000,1,1
1918,38,75000,1,0
1919,34,10000,0,0
1920,35,23000,0,1
1921,30,55000,1,1
1922,37,0,0,0
1923,65,1000,0,0
1924,29,52500,1,1
1925,21,30000,0,1
1926,41,150000,1,1
1927,40,0,1,0
1928,48,35000,1,1
1929,45,0,0,0
1930,53,29000,1,1
1931,36,86000,1,0
1932,65,0,1,0
1933,63,20800,0,0
1934,59,35500,1,1
1935,21,25000,0,1
1936,19,0,0,0
1937,44,7200,0,0
1938,46,15000,0,1
1939,26,62898,1,1
1940,33,35000,1,0
1941,29,0,0,1
1942,47,42000,0,0
1943,42,30000,0,1
1944,19,3300,0,1
1945,41,65000,0,1
1946,40,25000,0,0
1947,45,120000,1,1
1948,54,36000,0,1
1949,50,48000,0,0
1950,25,700,0,0
1951,26,15000,0,1
1952,62,45000,0,1
1953,62,26000,0,0
1954,59,190000,1,1
1955,55,128000,1,0
1956,26,19593,1,0
1957,64,85000,1,1
1958,65,0,0,0
1959,35,12000,0,0
1960,55,45000,0,1
1961,49,0,1,0
1962,58,200000,1,1
1963,20,0,0,0
1964,51,104000,0,1
1965,45,24000,1,0
1966,38,0,1,0
1967,42,110000,1,1
1968,50,35000,1,1
1969,46,4500,1,0
1970,19,1000,0,0
1971,50,65000,1,0
1972,52,40000,0,1
1973,34,12000,0,1
1974,19,3000,0,0
1975,35,30000,1,1
1976,29,50000,1,1
1977,29,53000,1,1
1978,28,24000,1,0
1979,54,125000,1,1
1980,53,0,1,0
1981,50,50000,0,1
1982,48,40000,0,0
1983,50,62000,0,0
1984,59,28000,0,0
1985,30,0,0,1
1986,47,63000,1,1
1987,41,50000,1,0
1988,46,43000,0,1
1989,44,45000,0,0
1990,19,8500,0,0
1991,41,160156,0,1
1992,41,3890,0,0
1993,47,24000,0,0
1994,44,0,0,1
1995,20,3500,0,1
1996,19,0,0,1
1997,40,38000,0,0
1998,43,25000,0,1
1999,44,0,1,0
2000,20,10000,0,0
2001,19,8800,0,0
2002,42,0,0,0
2003,47,36002,0,1
2004,45,28000,0,0
2005,30,9000,0,1
2006,29,0,0,0
2007,29,35000,0,0
2008,32,18000,0,0
2009,39,42000,0,1
2010,42,32000,0,0
2011,24,18500,0,0
2012,44,50000,0,0
2013,22,10920,1,0
2014,23,60000,0,1
2015,29,32000,0,0
2016,53,99000,1,0
2017,20,500,0,0
2018,62,23000,0,0
2019,34,50000,1,0
2020,44,42000,0,0
2021,45,45000,1,1
2022,42,0,1,1
2023,39,50000,1,0
2024,65,0,1,1
2025,51,0,0,1
2026,46,78000,0,0
2027,33,67000,1,1
2028,33,55000,1,0
2029,48,56000,0,0
2030,49,45000,1,1
2031,19,14400,0,0
2032,48,65000,1,0
2033,48,75000,1,1
2034,21,2580,0,0
2035,55,110000,1,1
2036,59,71000,1,1
2037,61,28000,1,0
2038,31,0,0,1
2039,43,460000,1,1
2040,43,0,1,0
2041,55,22355,0,1
2042,47,3642,1,0
2043,65,39000,0,0
2044,22,15000,0,0
2045,20,20000,0,1
2046,46,15000,0,0
2047,51,0,0,1
2048,26,10000,1,0
2049,24,4000,0,0
2050,45,150000,1,1
2051,46,0,1,0
2052,37,40000,0,0
2053,18,4000,0,1
2054,36,120000,1,1
2055,36,80000,1,0
2056,37,0,1,0
2057,50,125000,1,1
2058,61,0,1,1
2059,62,15000,1,0
2060,50,0,0,0
2061,50,85000,1,1
2062,28,0,0,0
2063,32,3000,0,1
2064,21,0,0,0
2065,27,15000,0,0
2066,22,46000,0,1
2067,50,23000,0,1
2068,51,0,0,0
2069,36,50000,0,1
2070,34,0,0,0
2071,62,0,1,1
2072,62,0,1,0
2073,60,40000,0,1
2074,56,20000,0,0
2075,48,152000,0,1
2076,55,150000,1,0
2077,23,6000,0,1
2078,26,21000,0,0
2079,26,22000,0,1
2080,54,68000,0,1
2081,31,84000,1,1
2082,27,0,1,0
2083,56,0,1,1
2084,39,11000,0,0
2085,32,0,0,1
2086,60,34000,1,0
2087,49,300000,1,1
2088,46,110000,1,0
2089,48,55000,0,1
2090,32,24900,1,1
2091,31,31000,0,0
2092,52,0,0,0
2093,58,0,0,1
2094,56,0,0,0
2095,34,100000,1,1
2096,30,80000,1,0
2097,60,177000,1,1
2098,56,0,0,0
2099,32,50000,1,1
2100,32,50000,1,0
2101,43,92000,1,1
2102,42,46000,1,0
2103,57,0,0,1
2104,54,90000,0,0
2105,29,78000,0,1
2106,20,2000,0,0
2107,31,0,0,1
2108,54,26880,0,0
2109,28,30000,0,0
2110,50,70000,1,0
2111,20,15000,0,0
2112,61,250000,1,1
2113,60,0,1,0
2114,22,19500,1,1
2115,23,0,1,0
2116,50,28000,1,0
2117,50,125000,1,1
2118,20,1500,0,1
2119,35,380000,1,1
2120,36,0,1,0
2121,55,0,1,1
2122,53,150000,1,0
2123,48,50000,1,1
2124,51,70000,1,0
2125,23,0,1,1
2126,20,0,0,1
2127,40,93000,1,1
2128,41,83000,1,0
2129,53,71545,1,1
2130,53,15000,1,0
2131,19,2500,0,0
2132,22,23400,0,1
2133,41,23400,0,1
2134,22,21200,0,1
2135,21,17000,0,0
2136,29,27000,1,1
2137,28,26000,1,0
2138,42,56000,0,1
2139,42,40000,0,0
2140,62,0,0,1
2141,44,45000,0,0
2142,20,2725,0,0
2143,45,107000,1,1
2144,43,163000,1,0
2145,51,150000,1,1
2146,49,60750,1,0
2147,43,85000,1,0
2148,42,70000,0,1
2149,62,0,1,1
2150,61,36000,1,0
2151,40,180000,1,1
2152,35,0,1,0
2153,45,9600,0,1
2154,42,48000,1,0
2155,45,80500,1,1
2156,39,0,1,0
2157,51,54000,0,1
2158,29,21645,0,1
2159,35,0,1,0
2160,53,45,1,1
2161,53,95000,1,1
2162,56,75000,0,1
2163,58,6800,0,0
2164,19,10700,0,1
2165,48,39000,0,1
2166,48,0,0,0
2167,32,55000,1,1
2168,30,50002,1,0
2169,50,65000,1,1
2170,44,40000,0,0
2171,42,3000,0,0
2172,36,20400,0,1
2173,28,0,0,0
2174,49,25000,0,1
2175,27,0,0,0
2176,18,300,0,1
2177,58,27000,0,1
2178,55,60000,0,0
2179,24,30000,1,1
2180,36,20000,0,0
2181,28,19500,0,1
2182,41,69000,0,1
2183,39,20000,0,1
2184,42,17000,0,0
2185,21,7000,0,1
2186,18,6000,0,0
2187,36,210000,1,1
2188,38,120000,1,0
2189,51,70000,1,0
2190,22,5300,0,1
2191,43,85000,1,1
2192,42,90000,1,0
2193,47,0,0,1
2194,50,520000,1,1
2195,49,0,1,0
2196,51,92000,0,1
2197,50,85000,1,0
2198,19,0,0,1
2199,45,235000,1,1
2200,43,0,1,0
2201,37,0,1,0
2202,38,110000,1,1
2203,47,100000,1,1
2204,48,0,1,0
2205,23,5000,0,1
2206,39,80000,1,0
2207,39,21000,1,1
2208,43,96500,1,0
2209,48,0,0,0
2210,52,57000,0,1
2211,22,16000,0,0
2212,37,12500,0,0
2213,45,60000,1,1
2214,48,0,1,0
2215,58,165000,1,1
2216,50,40000,0,0
2217,18,11000,0,0
2218,51,61000,1,1
2219,52,28000,0,0
2220,21,2400,0,1
2221,20,800,0,0
2222,18,1100,0,0
2223,27,0,1,0
2224,27,20000,1,1
2225,25,8500,1,1
2226,46,0,0,0
2227,54,30000,0,1
2228,44,0,1,1
2229,42,173720,1,0
2230,45,40000,1,1
2231,53,93000,1,1
2232,55,83000,1,0
2233,25,27000,1,0
2234,22,24000,1,1
2235,49,83000,1,1
2236,47,0,0,0
2237,21,0,0,1
2238,18,0,0,1
2239,56,35000,1,1
2240,44,20000,0,0
2241,39,120000,1,1
2242,41,0,1,0
2243,46,72000,1,1
2244,47,75000,1,0
2245,41,152000,1,1
2246,33,152001,1,0
2247,58,0,1,0
2248,36,44000,1,0
2249,48,59500,0,1
2250,45,0,0,0
2251,48,133000,1,1
2252,44,0,1,0
2253,18,0,0,0
2254,34,125000,1,1
2255,32,0,1,0
2256,38,171500,1,1
2257,33,142000,1,0
2258,40,5200,1,0
2259,40,50000,1,1
2260,52,52000,0,1
2261,21,0,0,0
2262,65,17000,0,1
2263,65,0,0,0
2264,31,90000,1,1
2265,30,70000,1,0
2266,42,100000,1,1
2267,42,0,1,0
2268,45,101000,1,1
2269,49,0,1,0
2270,47,35000,0,1
2271,38,35000,0,0
2272,40,48000,0,1
2273,40,9000,0,0
2274,61,36000,0,0
2275,61,0,0,1
2276,33,50000,0,0
2277,63,26000,0,0
2278,65,30000,1,0
2279,38,50000,0,0
2280,32,47728,0,0
2281,35,41000,1,0
2282,36,65000,0,1
2283,22,19000,0,0
2284,19,14000,0,1
2285,55,26000,0,0
2286,32,9000,0,1
2287,36,0,0,0
2288,39,52000,0,0
2289,56,41800,0,0
2290,58,78000,0,1
2291,54,9000,0,1
2292,52,0,0,0
2293,20,0,0,1
2294,63,0,0,1
2295,60,0,0,0
2296,44,50000,0,1
2297,45,55000,1,0
2298,47,42000,0,0
2299,52,106000,0,1
2300,30,9500,0,0
2301,29,35000,0,1
2302,26,4500,0,0
2303,63,50000,1,0
2304,56,230000,1,1
2305,56,0,1,0
2306,56,72000,1,0
2307,58,300000,1,1
2308,30,35000,1,0
2309,18,0,0,1
2310,60,72000,1,1
2311,39,36000,0,1
2312,31,14297,0,0
2313,32,5435,0,1
2314,23,2600,0,0
2315,23,0,1,0
2316,42,45000,0,1
2317,43,9000,0,0
2318,56,0,0,1
2319,31,26500,0,0
2320,30,0,0,0
2321,26,32400,0,0
2322,34,30000,0,1
2323,29,19800,0,1
2324,25,21600,0,1
2325,51,15000,0,1
2326,53,140000,1,0
2327,61,0,1,1
2328,61,50000,1,0
2329,45,0,0,1
2330,56,0,0,1
2331,31,4000,0,1
2332,33,0,0,0
2333,63,0,0,0
2334,32,0,0,0
2335,18,0,0,0
2336,46,0,0,1
2337,43,60000,1,0
2338,65,75000,1,1
2339,63,2400,0,0
2340,61,85000,1,1
2341,50,12500,0,0
2342,39,55000,0,1
2343,42,65000,0,0
2344,39,75000,0,0
2345,42,45000,0,1
2346,59,0,1,1
2347,23,0,0,1
2348,40,40000,0,0
2349,51,0,0,0
2350,54,80002,0,1
2351,43,0,0,0
2352,47,65000,0,1
2353,23,20000,0,1
2354,61,0,0,0
2355,35,35360,0,1
2356,33,12870,0,0
2357,53,63000,0,0
2358,52,6000,0,1
2359,22,7400,0,1
2360,38,8000,0,0
2361,47,40000,0,1
2362,41,23000,0,0
2363,52,34000,0,1
2364,34,38000,1,0
2365,35,107000,0,1
2366,34,10000,0,0
2367,54,70000,1,0
2368,52,30000,1,1
2369,55,70000,1,0
2370,58,75000,1,1
2371,34,65000,0,1
2372,34,0,0,0
2373,36,40000,1,1
2374,54,64000,1,0
2375,41,62500,1,0
2376,47,115000,0,1
2377,45,45000,0,0
2378,37,0,0,1
2379,58,500,0,1
2380,60,27000,0,1
2381,60,38000,0,0
2382,27,3000,0,1
2383,25,0,0,0
2384,34,7800,0,1
2385,38,10480,0,0
2386,18,2880,0,1
2387,34,18500,0,0
2388,56,23400,0,1
2389,48,8200,0,0
2390,40,0,0,1
2391,36,100000,1,1
2392,33,20000,0,0
2393,37,18200,0,1
2394,52,31200,0,1
2395,20,17680,0,1
2396,44,0,0,0
2397,45,0,0,1
2398,19,0,0,0
2399,18,0,0,0
2400,43,45070,0,1
2401,40,26000,0,0
2402,21,21112,0,0
2403,38,33118,0,0
2404,18,0,0,1
2405,33,0,0,1
2406,27,13200,0,0
2407,45,0,0,1
2408,42,49800,0,0
2409,28,48000,1,1
2410,29,0,1,0
2411,50,1099999,1,1
2412,51,40002,1,0
2413,21,2502,0,0
2414,57,0,1,1
2415,50,33360,0,0
2416,23,21850,1,1
2417,29,0,1,1
2418,41,14989,1,0
2419,43,44192,0,1
2420,41,75000,0,1
2421,36,0,0,0
2422,52,0,0,1
2423,36,40000,0,0
2424,44,55000,0,1
2425,46,28000,0,0
2426,52,22000,0,0
2427,45,7000,0,1
2428,41,25000,0,1
2429,44,0,0,0
2430,53,40000,0,1
2431,19,4500,0,0
2432,61,0,0,0
2433,42,99000,0,1
2434,37,0,0,0
2435,41,38000,1,0
2436,42,184000,1,1
2437,63,15000,1,1
2438,58,100000,1,0
2439,29,70000,1,0
2440,29,27300,1,0
2441,29,50000,0,1
2442,60,24000,0,0
2443,26,38000,0,0
2444,26,40000,0,1
2445,64,0,0,0
2446,65,84002,0,1
2447,18,0,1,1
2448,28,31000,0,1
2449,26,40000,0,0
2450,48,85000,0,1
2451,41,0,1,0
2452,42,160000,1,1
2453,52,54000,0,1
2454,49,12000,0,0
2455,25,20000,0,1
2456,41,30000,0,0
2457,38,100000,1,1
2458,19,16000,0,0
2459,29,14000,0,0
2460,24,22000,0,1
2461,21,25000,0,1
2462,55,0,0,0
2463,62,38000,0,1
2464,55,50000,0,0
2465,30,2500,0,0
2466,35,240000,1,1
2467,51,50000,1,1
2468,49,30000,0,0
2469,20,6000,0,0
2470,30,22500,0,0
2471,34,92000,0,1
2472,47,0,0,0
2473,50,60000,0,1
2474,22,0,0,1
2475,47,60002,1,0
2476,63,120000,1,1
2477,22,25002,1,0
2478,19,0,0,0
2479,40,1099999,0,1
2480,42,45000,0,0
2481,18,0,0,1
2482,45,0,1,0
2483,42,380000,1,1
2484,44,90000,0,1
2485,53,0,0,0
2486,22,6000,0,0
2487,36,0,1,0
2488,36,250000,1,1
2489,52,10200,1,0
2490,51,55000,0,1
2491,20,5000,0,0
2492,40,0,0,1
2493,56,125002,1,0
2494,54,141805,1,1
2495,48,90000,1,0
2496,39,40000,0,1
2497,54,65000,1,1
2498,56,38000,1,1
2499,65,28000,0,1
2500,34,32000,0,1
2501,26,0,0,0
2502,60,18000,0,1
2503,53,0,0,0
2504,25,18000,0,1
2505,22,16000,0,0
2506,19,0,0,1
2507,49,0,0,0
2508,59,8910,0,1
2509,38,2000,1,0
2510,41,180000,1,1
2511,38,0,0,1
2512,40,0,0,0
2513,61,50000,1,1
2514,58,112800,1,0
2515,24,16000,0,1
2516,24,21738,1,0
2517,59,100000,1,1
2518,57,0,1,0
2519,23,0,1,1
2520,19,0,0,1
2521,59,125000,1,1
2522,57,0,1,0
2523,38,32000,0,0
2524,23,3802,0,1
2525,23,22000,0,0
2526,62,26000,0,0
2527,32,13000,0,1
2528,56,45000,0,1
2529,54,38000,0,0
2530,46,45000,1,0
2531,44,50000,1,1
2532,18,8189,0,0
2533,47,0,1,0
2534,23,27000,0,1
2535,22,0,0,0
2536,59,0,0,1
2537,46,0,0,0
2538,56,45000,0,0
2539,52,0,0,1
2540,60,100000,1,0
2541,28,0,0,1
2542,57,120000,1,1
2543,54,35000,1,0
2544,20,1300,0,0
2545,59,0,1,1
2546,57,58000,0,0
2547,64,350000,0,1
2548,62,15000,0,0
2549,32,40000,0,1
2550,32,0,0,0
2551,50,43000,0,1
2552,50,16000,0,0
2553,33,40000,0,1
2554,33,0,0,0
2555,57,150000,1,1
2556,63,0,0,0
2557,31,30000,1,1
2558,58,0,0,0
2559,65,0,1,1
2560,56,100000,0,1
2561,51,73000,0,0
2562,26,0,1,1
2563,37,98000,1,1
2564,39,0,0,0
2565,49,0,1,0
2566,44,20000,0,1
2567,48,115000,1,1
2568,45,18000,1,0
2569,62,50000,1,0
2570,59,62000,0,0
2571,43,100000,1,0
2572,45,110000,1,1
2573,46,0,1,1
2574,44,0,1,0
2575,31,0,0,0
2576,32,60000,0,1
2577,49,47300,0,1
2578,48,18980,0,0
2579,24,60000,1,0
2580,47,63000,0,1
2581,47,2000,0,0
2582,24,5000,0,1
2583,20,800,0,1
2584,53,0,1,0
2585,22,1700,0,1
2586,20,1500,0,1
2587,49,72000,1,0
2588,21,0,1,0
2589,65,16000,0,0
2590,37,30000,0,1
2591,30,78000,1,0
2592,41,40000,0,0
2593,40,33000,0,1
2594,39,0,0,0
2595,55,0,0,0
2596,41,4000,0,0
2597,32,0,0,1
2598,35,26000,1,0
2599,63,120000,1,1
2600,60,120000,1,0
2601,24,0,1,0
2602,22,0,0,0
2603,59,50000,1,1
2604,57,0,1,0
2605,29,15000,1,1
2606,56,49000,0,1
2607,55,0,0,0
2608,63,50127,1,1
2609,62,0,1,0
2610,26,9400,1,1
2611,43,35000,1,0
2612,42,33000,1,1
2613,65,180001,1,1
2614,64,0,1,0
2615,47,50000,0,1
2616,50,50000,0,0
2617,59,0,0,1
2618,64,0,0,0
2619,42,23000,0,0
2620,38,8000,0,1
2621,20,11000,0,0
2622,47,22000,0,1
2623,38,50000,0,1
2624,30,0,0,0
2625,29,15000,0,0
2626,31,16000,0,1
2627,42,12000,0,1
2628,34,1600,0,0
2629,23,10000,0,1
2630,29,1600,0,1
2631,38,34000,0,1
2632,33,0,0,0
2633,21,24000,0,0
2634,20,16000,0,0
2635,41,24000,0,1
2636,48,18200,0,1
2637,48,23000,0,0
2638,20,0,0,0
2639,50,75000,0,1
2640,41,0,0,0
2641,27,2500,0,0
2642,30,20000,0,1
2643,26,0,0,0
2644,28,19200,0,1
2645,21,17100,0,1
2646,37,80000,1,0
2647,35,110000,1,1
2648,42,40000,0,1
2649,43,2000,0,0
2650,22,2000,0,0
2651,20,0,0,0
2652,32,0,0,0
2653,32,17000,0,1
2654,46,65000,0,1
2655,46,42000,0,0
2656,23,16800,0,1
2657,38,0,0,0
2658,37,5000,0,1
2659,48,45000,0,0
2660,21,4000,0,0
2661,39,100000,1,0
2662,19,1400,0,0
2663,41,24000,1,0
2664,19,0,0,0
2665,43,250000,1,1
2666,41,0,1,0
2667,43,0,1,0
2668,41,200000,1,1
2669,28,0,0,1
2670,41,0,1,0
2671,42,70000,1,1
2672,60,250,0,0
2673,55,30000,0,1
2674,57,180000,1,0
2675,20,4452,0,1
2676,53,6000,0,0
2677,54,40000,0,1
2678,18,2500,0,1
2679,54,11400,1,0
2680,53,150000,1,1
2681,22,10000,1,1
2682,30,60000,1,0
2683,31,60000,0,1
2684,53,35000,0,1
2685,51,10000,0,0
2686,57,24000,0,0
2687,41,100000,1,1
2688,41,0,1,0
2689,45,15000,1,0
2690,46,500000,1,1
2691,43,105000,1,0
2692,42,650000,1,1
2693,65,0,0,1
2694,61,21000,0,0
2695,46,50000,1,0
2696,39,10000,1,1
2697,39,45000,1,1
2698,35,0,0,0
2699,19,24000,0,1
2700,20,0,0,0
2701,47,50000,0,1
2702,49,65000,0,0
2703,53,85000,1,1
2704,50,0,0,0
2705,44,130000,1,0
2706,42,0,1,1
2707,53,12000,0,1
2708,59,78000,0,1
2709,64,0,0,0
2710,65,0,0,1
2711,55,0,1,0
2712,20,0,0,1
2713,47,30000,0,0
2714,65,0,0,0
2715,27,80000,1,1
2716,55,3000,1,0
2717,19,0,0,0
2718,61,0,0,0
2719,63,60000,0,0
2720,59,4376,0,0
2721,51,12820,0,1
2722,43,8190,0,0
2723,36,0,1,1
2724,33,7200,0,0
2725,44,115000,0,1
2726,42,2500,0,0
2727,19,6280,0,0
2728,18,1200,0,0
2729,52,0,0,1
2730,48,48000,0,0
2731,21,25000,0,1
2732,19,8000,0,0
2733,41,75000,0,1
2734,38,90000,1,0
2735,49,65000,1,0
2736,22,5000,0,0
2737,18,0,0,0
2738,52,0,0,0
2739,47,47000,0,1
2740,47,67000,0,0
2741,56,44000,0,1
2742,52,5000,0,0
2743,48,27000,0,0
2744,18,0,0,0
2745,43,55000,0,1
2746,43,35000,0,0
2747,18,1200,0,0
2748,62,0,0,1
2749,59,0,0,0
2750,55,55000,0,1
2751,51,30000,0,0
2752,48,48000,1,0
2753,22,0,0,0
2754,18,0,0,1
2755,43,14040,0,0
2756,35,13000,0,1
2757,35,0,0,0
2758,39,28100,0,1
2759,43,65000,0,1
2760,35,0,0,0
2761,56,30000,0,1
2762,43,17000,0,0
2763,43,0,0,0
2764,38,112000,1,1
2765,38,27000,0,0
2766,41,23000,0,0
2767,18,9000,0,0
2768,52,65000,1,1
2769,51,48000,0,0
2770,20,0,0,1
2771,44,160000,1,0
2772,26,66600,0,1
2773,27,0,0,0
2774,49,64000,0,1
2775,45,0,0,0
2776,21,34000,0,1
2777,18,1600,0,1
2778,38,50000,1,0
2779,39,65000,1,1
2780,63,0,0,1
2781,55,45000,1,0
2782,21,30000,0,1
2783,38,25000,0,1
2784,41,0,0,0
2785,20,15000,0,0
2786,18,12000,0,0
2787,61,75000,0,1
2788,59,64700,0,0
2789,60,35000,0,0
2790,65,25000,0,0
2791,40,589,0,0
2792,62,0,0,0
2793,32,100000,0,1
2794,35,900,0,0
2795,39,18000,0,0
2796,25,2500,0,0
2797,54,25000,0,0
2798,49,50000,0,1
2799,25,35000,1,0
2800,35,48000,0,1
2801,53,25000,0,0
2802,22,10000,0,0
2803,32,38000,0,1
2804,45,0,0,0
2805,25,35000,0,1
2806,20,15600,0,1
2807,47,70000,1,0
2808,25,0,1,0
2809,33,28000,0,1
2810,45,0,0,0
2811,36,21000,0,0
2812,45,135000,1,1
2813,65,90000,0,1
2814,58,8000,0,0
2815,21,0,0,1
2816,46,95000,1,0
2817,52,60000,0,1
2818,60,500,0,1
2819,63,62000,0,0
2820,64,52000,0,0
2821,65,85000,0,1
2822,46,25000,0,0
2823,47,32000,0,1
2824,33,40000,0,0
2825,31,40000,0,1
2826,57,68800,1,0
2827,60,3528,0,1
2828,42,0,0,0
2829,43,38000,0,1
2830,29,13000,0,0
2831,44,23000,0,1
2832,29,0,0,1
2833,43,40000,0,0
2834,64,0,0,0
2835,30,30000,1,0
2836,64,35000,0,0
2837,63,42000,0,0
2838,64,7200,1,1
2839,60,32000,0,0
2840,44,0,0,0
2841,46,150000,1,1
2842,46,0,1,0
2843,50,106000,1,0
2844,50,95000,0,1
2845,24,40000,1,0
2846,22,24000,0,1
2847,29,35000,0,0
2848,18,12000,0,0
2849,37,24000,0,0
2850,64,5000,1,0
2851,18,35000,0,1
2852,50,0,1,0
2853,51,38000,0,0
2854,22,10000,0,0
2855,29,0,0,0
2856,27,30000,0,1
2857,43,19000,0,1
2858,38,26000,0,0
2859,60,0,0,1
2860,60,0,0,0
2861,34,70000,0,0
2862,58,70000,0,1
2863,56,15000,0,0
2864,61,14416,0,0
2865,44,0,0,0
2866,41,70000,0,1
2867,28,37440,1,0
2868,27,40000,0,1
2869,43,23000,0,0
2870,48,50000,1,1
2871,23,5000,0,1
2872,51,0,1,1
2873,61,0,0,0
2874,53,49000,0,1
2875,64,0,0,0
2876,62,14000,1,1
2877,56,24000,0,0
2878,60,0,1,1
2879,50,150000,1,1
2880,48,12000,1,0
2881,18,0,0,0
2882,46,0,0,1
2883,39,175000,1,1
2884,40,80000,1,0
2885,39,0,0,0
2886,39,70000,1,1
2887,35,0,0,0
2888,50,120000,0,1
2889,54,14000,0,1
2890,28,50000,0,1
2891,42,160000,1,1
2892,40,0,1,0
2893,32,50000,1,1
2894,34,50000,1,0
2895,33,62000,1,1
2896,40,0,0,1
2897,40,0,0,0
2898,38,85000,0,1
2899,55,40000,0,1
2900,52,0,0,1
2901,52,0,0,1
2902,56,0,0,0
2903,38,35000,1,1
2904,40,13000,0,0
2905,48,30000,0,0
2906,55,0,0,1
2907,18,0,0,1
2908,59,13000,0,0
2909,60,35000,0,1
2910,56,30000,0,0
2911,18,10000,0,0
2912,49,5000,1,0
2913,47,5000,1,1
2914,48,5000,1,0
2915,32,12000,0,0
2916,18,0,0,0
2917,18,0,0,0
2918,33,35000,0,1
2919,44,0,0,0
2920,28,18000,0,0
2921,32,67000,0,1
2922,28,0,0,0
2923,35,120000,0,1
2924,44,0,1,0
2925,39,56000,1,1
2926,38,17000,0,0
2927,46,38000,0,1
2928,20,0,0,0
2929,18,3000,0,1
2930,41,7000,0,0
2931,23,0,0,0
2932,21,0,0,1
2933,20,0,0,0
2934,19,10000,0,0
2935,54,110000,1,1
2936,51,0,1,0
2937,23,0,0,1
2938,21,0,0,1
2939,47,200000,1,1
2940,47,0,1,0
2941,51,0,1,0
2942,47,62000,1,0
2943,52,125000,1,1
2944,19,0,0,0
2945,24,11000,0,0
2946,24,22000,0,1
2947,47,0,0,0
2948,56,14000,0,1
2949,19,8000,0,0
2950,43,83000,0,0
2951,44,50000,0,1
2952,43,21000,0,0
2953,19,0,0,1
2954,23,22000,0,0
2955,46,52000,0,1
2956,44,30000,0,0
2957,20,800,0,0
2958,39,109000,1,1
2959,35,0,1,0
2960,37,45000,0,0
2961,47,0,0,1
2962,46,16000,0,0
2963,29,60000,0,1
2964,29,0,0,0
2965,39,139000,0,1
2966,37,0,1,0
2967,40,68000,1,1
2968,44,64000,1,0
2969,40,18000,0,0
2970,32,40000,0,1
2971,37,24960,0,1
2972,51,0,0,0
2973,32,12000,1,1
2974,44,8600,0,0
2975,58,96000,0,1
2976,23,0,0,1
2977,21,0,0,1
