{"publicationGroup": 239276, "query": {"orderBys": [{"ascending": false, "expression": {"type": "column", "columnId": 384664016}}]}, "createdAt": 1312839871, "hideFromDataJson": false, "publicationAppendEnabled": false, "viewType": "tabular", "flags": ["default", "restorable", "restorePossibleForType"], "provenance": "official", "description": "NOTE ABOUT 7/1/2018 CHANGE AFFECTING THIS DATASET: http://bit.ly/2yWd2JB --This information is derived from inspections of restaurants and other food establishments in Chicago from January 1, 2010 to the present. Inspections are performed by staff from the Chicago Department of Public Health\u2019s Food Protection Program using a standardized procedure. The results of the inspection are inputted into a database, then reviewed and approved by a State of Illinois Licensed Environmental Health Practitioner (LEHP). For descriptions of the data elements included in this set, go to http://bit.ly/tS9IE8  \r\nDisclaimer: Attempts have been made to minimize any and all duplicate inspection reports. However, the dataset may still contain such duplicates and the appropriate precautions should be exercised when viewing or analyzing these data. The result of the inspections (pass, pass with conditions or fail) as well as the violations noted are based on the findings identified and reported by the inspector at the time of the inspection, and may not reflect the findings noted at other times. For more information about Food Inspections, go to https://www.cityofchicago.org/city/en/depts/cdph/provdrs/healthy_restaurants/svcs/food-protection-services.html.", "averageRating": 0, "totalTimesRated": 0, "displayType": "table", "publicationDate": 1542630521, "id": "4ijn-s7e5", "metadata": {"availableDisplayTypes": ["table", "fatrow", "page"], "rowLabel": "Food Inspection", "custom_fields": {"Metadata": {"Data Owner": "Public Health", "Time Period": "January 2010 to present", "Frequency": "Updated daily"}}, "jsonQuery": {"order": [{"ascending": false, "columnFieldName": "inspection_date"}]}, "attachments": [{"assetId": "O9cwLJ4wvxQJ2MirxkNzAUCCMQiM31DMzRkckMsKlxc", "filename": "foodinspections_description.pdf", "blobId": "", "name": "foodinspections_description.pdf"}], "rdfSubject": "0", "renderTypeConfig": {"visible": {"table": true}}}, "tableAuthor": {"profileImageUrlLarge": "/api/users/scy9-9wg4/profile_images/LARGE", "displayName": "cocadmin", "id": "scy9-9wg4", "flags": ["mayBeStoriesCoOwner"], "screenName": "cocadmin", "type": "interactive", "profileImageUrlSmall": "/api/users/scy9-9wg4/profile_images/TINY", "profileImageUrlMedium": "/api/users/scy9-9wg4/profile_images/THUMB"}, "oid": 30172448, "attributionLink": "http://www.cityofchicago.org", "rowsUpdatedAt": 1542629475, "indexUpdatedAt": 1542630804, "numberOfComments": 0, "rights": ["read"], "rowsUpdatedBy": "scy9-9wg4", "downloadCount": 72346, "attribution": "City of Chicago", "columns": [{"renderTypeName": "number", "tableColumnId": 1896328, "id": 384664006, "fieldName": "inspection_id", "name": "Inspection ID", "width": 100, "position": 1, "dataTypeName": "number", "format": {"align": "right", "noCommas": "true", "precisionStyle": "standard"}}, {"renderTypeName": "text", "tableColumnId": 1505551, "id": 384664007, "fieldName": "dba_name", "name": "DBA Name", "width": 166, "format": {"aggregate": "count", "align": "left"}, "description": "Doing Business As", "dataTypeName": "text", "position": 2}, {"renderTypeName": "text", "tableColumnId": 1505552, "id": 384664008, "fieldName": "aka_name", "name": "AKA Name", "width": 166, "format": {"align": "left"}, "description": "Also Known As", "dataTypeName": "text", "position": 3}, {"renderTypeName": "number", "tableColumnId": 1505553, "id": 384664009, "fieldName": "license_", "name": "License #", "width": 94, "position": 4, "dataTypeName": "number", "format": {"align": "right", "noCommas": "true", "precisionStyle": "standard"}}, {"renderTypeName": "text", "tableColumnId": 1505554, "id": 384664010, "fieldName": "facility_type", "name": "Facility Type", "width": 127, "position": 5, "dataTypeName": "text", "format": {}}, {"renderTypeName": "text", "tableColumnId": 1505555, "id": 384664011, "fieldName": "risk", "name": "Risk", "width": 118, "position": 6, "dataTypeName": "text", "format": {}}, {"renderTypeName": "text", "tableColumnId": 1505556, "id": 384664012, "fieldName": "address", "name": "Address", "width": 154, "position": 7, "dataTypeName": "text", "format": {}}, {"renderTypeName": "text", "tableColumnId": 1505557, "id": 384664013, "fieldName": "city", "name": "City", "width": 74, "position": 8, "dataTypeName": "text", "format": {}}, {"renderTypeName": "text", "tableColumnId": 1505558, "id": 384664014, "fieldName": "state", "name": "State", "width": 77, "position": 9, "dataTypeName": "text", "format": {}}, {"renderTypeName": "number", "tableColumnId": 1505559, "id": 384664015, "fieldName": "zip", "name": "Zip", "width": 64, "position": 10, "dataTypeName": "number", "format": {"align": "right", "noCommas": "true", "precisionStyle": "standard"}}, {"renderTypeName": "calendar_date", "tableColumnId": 1505560, "id": 384664016, "fieldName": "inspection_date", "name": "Inspection Date", "width": 136, "position": 11, "dataTypeName": "calendar_date", "format": {"align": "left", "view": "date"}}, {"renderTypeName": "text", "tableColumnId": 1505561, "id": 384664017, "fieldName": "inspection_type", "name": "Inspection Type", "width": 172, "position": 12, "dataTypeName": "text", "format": {}}, {"renderTypeName": "text", "tableColumnId": 1505562, "id": 384664018, "fieldName": "results", "name": "Results", "width": 110, "position": 13, "dataTypeName": "text", "format": {}}, {"renderTypeName": "text", "tableColumnId": 1505563, "id": 384664019, "fieldName": "violations", "name": "Violations", "width": 190, "position": 14, "dataTypeName": "text", "format": {}}, {"renderTypeName": "number", "tableColumnId": 1646760, "id": 384664020, "fieldName": "latitude", "name": "Latitude", "width": 100, "position": 15, "dataTypeName": "number", "format": {}}, {"renderTypeName": "number", "tableColumnId": 1646758, "id": 384664021, "fieldName": "longitude", "name": "Longitude", "width": 100, "position": 16, "dataTypeName": "number", "format": {}}, {"renderTypeName": "location", "tableColumnId": 1646761, "id": 384664022, "fieldName": "location", "name": "Location", "width": 100, "subColumnTypes": ["human_address", "latitude", "longitude", "machine_address", "needs_recoding"], "position": 17, "dataTypeName": "location", "format": {"align": "left", "view": "coords"}}], "name": "Food Inspections", "tags": ["food", "inspections"], "owner": {"profileImageUrlLarge": "/api/users/scy9-9wg4/profile_images/LARGE", "displayName": "cocadmin", "id": "scy9-9wg4", "flags": ["mayBeStoriesCoOwner"], "screenName": "cocadmin", "type": "interactive", "profileImageUrlSmall": "/api/users/scy9-9wg4/profile_images/TINY", "profileImageUrlMedium": "/api/users/scy9-9wg4/profile_images/THUMB"}, "hideFromCatalog": false, "tableId": 15698263, "category": "Health & Human Services", "viewCount": 309326, "newBackend": false, "grants": [{"flags": ["public"], "type": "viewer", "inherited": false}], "publicationStage": "published", "viewLastModified": 1542630521}